<?xml version="1.0" encoding="UTF-8"?>
<project-private xmlns="http://www.netbeans.org/ns/project-private/1">
    <editor-bookmarks xmlns="http://www.netbeans.org/ns/editor-bookmarks/2" lastBookmarkId="0"/>
    <open-files xmlns="http://www.netbeans.org/ns/projectui-open-files/2">
        <group>
            <file>file:/home/el_dramas/Desktop/Infomates/Segundo_Curso/Segundo_Cuatri/PDOO/java/src/irrgarten/UI/TextUI.java</file>
            <file>file:/home/el_dramas/Desktop/Infomates/Segundo_Curso/Segundo_Cuatri/PDOO/java/src/irrgarten/play.java</file>
            <file>file:/home/el_dramas/Desktop/Infomates/Segundo_Curso/Segundo_Cuatri/PDOO/java/src/irrgarten/Game.java</file>
            <file>file:/home/el_dramas/Desktop/Infomates/Segundo_Curso/Segundo_Cuatri/PDOO/java/src/irrgarten/Labyrinth.java</file>
        </group>
    </open-files>
</project-private>
